,INSTRUCTIONS FOR USER,
1,"This spreadsheet is intended for large scale or repeated model runs of SHAMBA. It works in conjunction with the command line file 'shamba_cl.py' included in SHAMBA v1.1. It does not work with the SHAMBA graphical user interface (GUI), which requires manual data entry.",
2,"SHAMBA v1.1. requires Python 2.7 and relevant modules to be installed. See here for SHAMBA v1.1 download, installation, basic user guide and full methodology: http://www.research-innovation.ed.ac.uk/Opportunities/small-holder-agriculture-mitigation-benefit-assessment-tool",
3,"The spreadsheet produces an input sheet to be read by the 'shamba_cl.py' file included in the SHAMBA v1.1 file. In addition to following the instructions below, after SHAMBA v1.1 is installed, open the 'shamba_cl.py' file using a Python interprester (such as Spyder) and follow the programming instructions therein.",
4,"This spreadsheet is limited to modelling a maximum of three tree cohorts in a single intervention. You can add further tree cohorts (along with any other modifiications you want) by altering the Python model files. This requires some knowledge of Python, and familiarisation with the model structure (see the 'SHAMBA model description' document)",
5,"This spreadsheet has been used to produce carbon estimates for Plan Vivo approved technical specifications (e.g. http://www.planvivo.org/docs/ECOTRUST-Mixed-native-agroforestry-V1.0.pdf). An example of how a similar, previous version of this spreadsheet was used for this analysis linked is also provided in the accompanying 'Example SHAMBA input output Uganda tech spec' spreadsheet.",
6,"To use this Excel spreadsheet, complete all sections highlighted in blue on the 'front_matter', '_initial_info' and '_questionnaire' worksheets.",
7,"In the 'front_matter' worksheet, you must enter the details of the project and ALL references for model inputs.",
8,"In the '_initial_info' worksheet there are three sections: 1) 'SHAMBA applicability conditions', which confirms that model can be used in the geographical area; 2) 'Species analysis', which analyses the tree species being modelled and helps you group species into up to three cohorts; and 3) 'Model tree defaults', which assesses whether the model defaults are appropriate for your analysis (if not you will need to update the values for tree species in the shamba\default_input\tree_defaults.csv and biomass_pool_params.csv spreadsheets)",
9,"In the '_questionnaire' worksheet you will complete questions for four 'model sections' (as designated in the far left row the spreadsheet): 1)  the 'project activity area' section, which includes variabiles that do not change between the 'baseline' and 'intervention' sections; 2) the 'baseline section', which includes variables that are different in the business as usual scenario; 3) the 'project scenario', which includes variables that are different due to project activities; and 4) the 'tree growth' section, which includes the growth rates for the baseline and intervention scenarios. ALL INPUT DATA MUST BE SCALED TO ONE HECTARE (E.G. IF YOU HAVE COLLECTED INFORMATION BASED ON A 10HA PLOT, YOU WOULD NEED TO DIVIDE IT BY 10).",
10,"When you are modelling more than one plot in an intervention, complete an additional column for each new intervention for those cells highlighted in orange on the '_questionnaire' worksheet (you can leave the other cells).",
11,"For each intervention being modelled, use the worksheet copy function in Excel to create new '_initial', '_questionnaire', '_input', '_output', 'main_results' and '_chart' spreadsheets (preserving the links and formulas in these spreadsheets)",
12,References and background information MUST  be provided for ALL information used in the modelling to be valid. A reviewer will reject the modelling unless it is fully referenced. References should be entered in the relevant cells in the '_initial_info' and '_questionnaire' cells. A list of all references should be provided under the REFERENCES heading on the 'front_matter' worksheet,
13,The '_input' sheet provides the input data for SHAMBA. Save it as a 'csv file in the 'shamba/shamba_projects/project_name/input directory when using SHAMBA v1.1.,
14,The '_output' sheet is a copy of the '_output_emit_all.csv' file that appears in the 'shamba/shamba_projects/project_name/output' directory after you have run SHAMBA v1.1,
15,"When the '_output' sheet in this document is populated, you can use this data to create summaries in the _main_results' worksheet, and visualisations in the '_charts' worksheet.",
,,
